timestamp,price
2024-01-08 09:15:01,2608.0
2024-01-08 09:15:09,2608.0
2024-01-08 09:15:16,2608.8
2024-01-08 09:15:23,2607.4
2024-01-08 09:15:30,2607.05
2024-01-08 09:15:36,2607.05
2024-01-08 09:15:42,2608.9
2024-01-08 09:15:47,2608.8
2024-01-08 09:15:53,2611.0
2024-01-08 09:15:59,2612.95
2024-01-08 09:16:04,2613.05
2024-01-08 09:16:05,2614.45
2024-01-08 09:16:06,2613.8
2024-01-08 09:16:07,2616.55
2024-01-08 09:16:08,2615.0
2024-01-08 09:16:09,2615.05
2024-01-08 09:16:10,2615.15
2024-01-08 09:16:11,2616.55
2024-01-08 09:16:12,2616.1
2024-01-08 09:16:13,2616.95
2024-01-08 09:16:14,2616.4
2024-01-08 09:16:15,2616.75
2024-01-08 09:16:16,2617.15
2024-01-08 09:16:17,2616.0
2024-01-08 09:16:18,2618.7
2024-01-08 09:16:19,2617.45
2024-01-08 09:16:20,2619.5
2024-01-08 09:16:21,2618.6
2024-01-08 09:16:22,2618.6
2024-01-08 09:16:23,2619.5
2024-01-08 09:16:24,2619.7
2024-01-08 09:16:25,2620.1
2024-01-08 09:16:26,2620.8
2024-01-08 09:16:27,2621.0
2024-01-08 09:16:28,2621.1
2024-01-08 09:16:29,2621.6
2024-01-08 09:16:30,2621.5
2024-01-08 09:16:31,2621.0
2024-01-08 09:16:32,2621.5
2024-01-08 09:16:33,2621.0
2024-01-08 09:16:34,2621.45
2024-01-08 09:16:35,2622.25
2024-01-08 09:16:36,2621.35
2024-01-08 09:16:37,2621.35
2024-01-08 09:16:38,2621.65
2024-01-08 09:16:39,2621.65
2024-01-08 09:16:40,2622.15
2024-01-08 09:16:41,2623.1
2024-01-08 09:16:42,2623.0
2024-01-08 09:16:43,2623.05
2024-01-08 09:16:44,2623.1
2024-01-08 09:16:45,2623.8
2024-01-08 09:16:46,2623.05
2024-01-08 09:16:47,2623.05
2024-01-08 09:16:48,2623.05
2024-01-08 09:16:49,2622.1
2024-01-08 09:16:50,2621.55
2024-01-08 09:16:51,2623.95
2024-01-08 09:16:52,2622.9
2024-01-08 09:16:53,2623.0
2024-01-08 09:16:54,2622.75
2024-01-08 09:16:55,2623.0
2024-01-08 09:16:56,2623.0
2024-01-08 09:16:57,2622.7
2024-01-08 09:16:58,2623.0
2024-01-08 09:16:59,2622.7
2024-01-08 09:17:00,2622.6
2024-01-08 09:17:01,2622.65
2024-01-08 09:17:02,2622.65
2024-01-08 09:17:03,2622.25
2024-01-08 09:17:05,2623.0
2024-01-08 09:17:06,2622.9
2024-01-08 09:17:07,2623.1
2024-01-08 09:17:08,2623.15
2024-01-08 09:17:09,2624.0
2024-01-08 09:17:10,2623.25
2024-01-08 09:17:11,2623.15
2024-01-08 09:17:12,2624.0
2024-01-08 09:17:13,2623.15
2024-01-08 09:17:44,2627.0
2024-01-08 09:17:45,2626.3
2024-01-08 09:17:46,2625.9
2024-01-08 09:17:47,2625.25
2024-01-08 09:17:48,2625.95
2024-01-08 09:17:49,2625.25
2024-01-08 09:17:50,2625.25
2024-01-08 09:17:51,2625.25
2024-01-08 09:17:52,2625.25
2024-01-08 09:17:53,2625.3
2024-01-08 09:17:54,2624.9
2024-01-08 09:17:55,2623.0
2024-01-08 09:17:56,2623.15
2024-01-08 09:17:57,2623.3
2024-01-08 09:17:58,2623.35
2024-01-08 09:17:59,2624.95
2024-01-08 09:18:00,2623.45
2024-01-08 09:18:01,2624.95
2024-01-08 09:18:02,2623.55
2024-01-08 09:18:03,2623.6
2024-01-08 09:18:05,2623.6
2024-01-08 09:18:06,2623.6
2024-01-08 09:18:07,2623.75
2024-01-08 09:18:08,2623.85
2024-01-08 09:18:09,2624.9
2024-01-08 09:18:10,2624.9
2024-01-08 09:18:11,2623.9
2024-01-08 09:18:13,2623.9
2024-01-08 09:18:44,2624.6
2024-01-08 09:18:45,2624.25
2024-01-08 09:18:46,2624.3
2024-01-08 09:18:47,2623.0
2024-01-08 09:18:49,2622.4
2024-01-08 09:18:50,2622.45
2024-01-08 09:18:51,2623.4
2024-01-08 09:18:52,2622.65
2024-01-08 09:18:53,2622.65
2024-01-08 09:18:55,2623.45
2024-01-08 09:18:56,2622.65
2024-01-08 09:18:57,2622.75
2024-01-08 09:18:58,2623.4
2024-01-08 09:18:59,2623.4
2024-01-08 09:19:01,2622.75
2024-01-08 09:19:02,2622.75
2024-01-08 09:19:03,2623.45
2024-01-08 09:19:04,2623.45
2024-01-08 09:19:05,2622.75
2024-01-08 09:19:06,2622.75
2024-01-08 09:19:07,2623.0
2024-01-08 09:19:08,2623.0
2024-01-08 09:19:09,2623.2
2024-01-08 09:19:10,2623.2
2024-01-08 09:19:11,2623.35
2024-01-08 09:19:12,2623.35
2024-01-08 09:19:44,2627.0
2024-01-08 09:19:45,2627.5
2024-01-08 09:19:46,2627.4
2024-01-08 09:19:47,2626.6
2024-01-08 09:19:48,2626.95
2024-01-08 09:19:50,2626.6
2024-01-08 09:19:51,2626.95
2024-01-08 09:19:52,2626.6
2024-01-08 09:19:53,2626.6
2024-01-08 09:19:55,2626.1
2024-01-08 09:19:56,2625.15
2024-01-08 09:19:57,2626.0
2024-01-08 09:19:58,2626.0
2024-01-08 09:19:59,2625.45
2024-01-08 09:20:00,2626.05
2024-01-08 09:20:01,2625.65
2024-01-08 09:20:02,2626.3
2024-01-08 09:20:03,2625.5
2024-01-08 09:20:05,2626.95
2024-01-08 09:20:06,2627.5
2024-01-08 09:20:07,2627.1
2024-01-08 09:20:08,2627.1
2024-01-08 09:20:09,2627.4
2024-01-08 09:20:10,2629.0
2024-01-08 09:20:11,2627.9
2024-01-08 09:20:12,2627.9
2024-01-08 09:20:13,2628.4
2024-01-08 09:20:43,2626.15
2024-01-08 09:20:44,2625.6
2024-01-08 09:20:45,2625.6
2024-01-08 09:20:46,2625.6
2024-01-08 09:20:47,2626.5
2024-01-08 09:20:48,2625.6
2024-01-08 09:20:49,2625.85
2024-01-08 09:20:50,2626.2
2024-01-08 09:20:51,2625.0
2024-01-08 09:20:53,2625.1
2024-01-08 09:20:54,2625.05
2024-01-08 09:20:55,2625.7
2024-01-08 09:20:56,2625.6
2024-01-08 09:20:57,2625.1
2024-01-08 09:20:58,2626.0
2024-01-08 09:20:59,2624.65
2024-01-08 09:21:00,2624.65
2024-01-08 09:21:01,2624.0
2024-01-08 09:21:02,2624.8
2024-01-08 09:21:04,2624.65
2024-01-08 09:21:05,2623.95
2024-01-08 09:21:06,2624.8
2024-01-08 09:21:07,2623.7
2024-01-08 09:21:08,2623.25
2024-01-08 09:21:09,2623.25
2024-01-08 09:21:10,2623.35
2024-01-08 09:21:11,2624.0
2024-01-08 09:21:12,2623.8
2024-01-08 09:21:13,2623.6
2024-01-08 09:21:44,2624.5
2024-01-08 09:21:45,2623.85
2024-01-08 09:21:46,2624.05
2024-01-08 09:21:47,2624.05
2024-01-08 09:21:48,2624.05
2024-01-08 09:21:49,2624.05
2024-01-08 09:21:50,2624.35
2024-01-08 09:21:51,2624.05
2024-01-08 09:21:52,2624.05
2024-01-08 09:21:53,2624.05
2024-01-08 09:21:54,2624.05
2024-01-08 09:21:55,2623.95
2024-01-08 09:21:56,2624.2
2024-01-08 09:21:57,2624.2
2024-01-08 09:21:58,2623.9
2024-01-08 09:21:59,2623.6
2024-01-08 09:22:00,2623.05
2024-01-08 09:22:01,2623.55
2024-01-08 09:22:02,2622.75
2024-01-08 09:22:03,2622.35
2024-01-08 09:22:04,2622.7
2024-01-08 09:22:05,2624.0
2024-01-08 09:22:06,2624.0
2024-01-08 09:22:07,2624.0
2024-01-08 09:22:08,2624.0
2024-01-08 09:22:09,2624.05
2024-01-08 09:22:10,2624.0
2024-01-08 09:22:11,2624.2
2024-01-08 09:22:12,2624.05
2024-01-08 09:22:13,2624.35
2024-01-08 09:22:14,2624.05
2024-01-08 09:22:15,2624.35
2024-01-08 09:22:16,2624.05
2024-01-08 09:22:17,2624.5
2024-01-08 09:22:18,2624.35
2024-01-08 09:22:19,2625.45
2024-01-08 09:22:20,2624.7
2024-01-08 09:22:21,2625.8
2024-01-08 09:22:22,2625.95
2024-01-08 09:22:23,2624.9
2024-01-08 09:22:24,2624.95
2024-01-08 09:22:25,2625.05
2024-01-08 09:22:26,2625.1
2024-01-08 09:22:27,2625.1
2024-01-08 09:22:28,2625.1
2024-01-08 09:22:29,2625.45
2024-01-08 09:22:30,2625.1
2024-01-08 09:22:31,2625.1
2024-01-08 09:22:32,2625.1
2024-01-08 09:22:33,2626.0
2024-01-08 09:22:34,2625.45
2024-01-08 09:22:35,2625.75
2024-01-08 09:22:36,2625.9
2024-01-08 09:22:37,2625.9
2024-01-08 09:22:38,2626.65
2024-01-08 09:22:39,2626.65
2024-01-08 09:22:40,2626.25
2024-01-08 09:22:41,2626.25
2024-01-08 09:22:42,2626.25
2024-01-08 09:22:43,2626.25
2024-01-08 09:23:14,2627.0
2024-01-08 09:23:15,2626.05
2024-01-08 09:23:16,2626.05
2024-01-08 09:23:17,2626.7
2024-01-08 09:23:18,2626.95
2024-01-08 09:23:19,2626.05
2024-01-08 09:23:20,2626.05
2024-01-08 09:23:21,2626.05
2024-01-08 09:23:22,2626.85
2024-01-08 09:23:23,2626.6
2024-01-08 09:23:24,2626.6
2024-01-08 09:23:25,2626.85
2024-01-08 09:23:26,2626.05
2024-01-08 09:23:27,2626.85
2024-01-08 09:23:28,2626.9
2024-01-08 09:23:29,2626.05
2024-01-08 09:23:30,2626.9
2024-01-08 09:23:31,2626.9
2024-01-08 09:23:32,2626.1
2024-01-08 09:23:33,2626.2
2024-01-08 09:23:34,2627.0
2024-01-08 09:23:35,2626.85
2024-01-08 09:23:36,2627.15
2024-01-08 09:23:37,2627.8
2024-01-08 09:23:38,2627.3
2024-01-08 09:23:39,2627.9
2024-01-08 09:23:40,2627.95
2024-01-08 09:23:41,2627.55
2024-01-08 09:23:42,2628.0
2024-01-08 09:23:43,2628.0
2024-01-08 09:23:44,2628.0
2024-01-08 09:23:45,2627.55
2024-01-08 09:23:46,2628.0
2024-01-08 09:23:47,2627.75
2024-01-08 09:23:48,2627.75
2024-01-08 09:23:49,2628.0
2024-01-08 09:23:50,2628.0
2024-01-08 09:23:51,2628.5
2024-01-08 09:23:52,2628.35
2024-01-08 09:23:53,2628.5
2024-01-08 09:23:54,2628.35
2024-01-08 09:23:55,2628.35
2024-01-08 09:23:56,2626.4
2024-01-08 09:23:57,2627.8
2024-01-08 09:23:58,2628.1
2024-01-08 09:23:59,2628.2
2024-01-08 09:24:00,2628.0
2024-01-08 09:24:01,2628.0
2024-01-08 09:24:02,2628.0
2024-01-08 09:24:03,2628.2
2024-01-08 09:24:04,2627.8
2024-01-08 09:24:05,2627.8
2024-01-08 09:24:06,2627.05
2024-01-08 09:24:07,2627.8
2024-01-08 09:24:08,2627.4
2024-01-08 09:24:09,2627.35
2024-01-08 09:24:10,2627.35
2024-01-08 09:24:11,2627.05
2024-01-08 09:24:12,2628.0
2024-01-08 09:24:13,2627.05
2024-01-08 09:24:14,2628.0
2024-01-08 09:24:15,2628.0
2024-01-08 09:24:16,2628.0
2024-01-08 09:24:17,2628.0
2024-01-08 09:24:18,2628.0
2024-01-08 09:24:19,2628.0
2024-01-08 09:24:20,2627.9
2024-01-08 09:24:21,2628.0
2024-01-08 09:24:22,2628.0
2024-01-08 09:24:23,2627.95
2024-01-08 09:24:24,2627.75
2024-01-08 09:24:25,2627.7
2024-01-08 09:24:26,2626.55
2024-01-08 09:24:27,2626.95
2024-01-08 09:24:28,2627.5
2024-01-08 09:24:29,2627.15
2024-01-08 09:24:30,2627.15
2024-01-08 09:24:31,2626.55
2024-01-08 09:24:32,2626.45
2024-01-08 09:24:33,2626.25
2024-01-08 09:24:34,2626.0
2024-01-08 09:24:35,2625.15
2024-01-08 09:24:36,2625.35
2024-01-08 09:24:37,2625.45
2024-01-08 09:24:38,2626.6
2024-01-08 09:24:39,2625.55
2024-01-08 09:24:40,2625.55
2024-01-08 09:24:41,2626.7
2024-01-08 09:24:42,2627.0
2024-01-08 09:24:43,2627.0
2024-01-08 09:25:14,2628.55
2024-01-08 09:25:15,2628.4
2024-01-08 09:25:16,2628.7
2024-01-08 09:25:17,2628.15
2024-01-08 09:25:18,2628.4
2024-01-08 09:25:19,2628.9
2024-01-08 09:25:20,2629.4
2024-01-08 09:25:21,2629.75
2024-01-08 09:25:22,2629.4
2024-01-08 09:25:23,2630.0
2024-01-08 09:25:24,2630.0
2024-01-08 09:25:25,2630.2
2024-01-08 09:25:26,2628.65
2024-01-08 09:25:27,2629.6
2024-01-08 09:25:28,2629.7
2024-01-08 09:25:29,2629.2
2024-01-08 09:25:30,2629.9
2024-01-08 09:25:31,2629.6
2024-01-08 09:25:32,2629.7
2024-01-08 09:25:33,2630.0
2024-01-08 09:25:34,2630.7
2024-01-08 09:25:35,2630.05
2024-01-08 09:25:36,2630.85
2024-01-08 09:25:37,2630.95
2024-01-08 09:25:38,2631.0
2024-01-08 09:25:39,2631.2
2024-01-08 09:25:40,2631.5
2024-01-08 09:25:41,2631.0
2024-01-08 09:25:42,2630.75
2024-01-08 09:25:43,2630.1
2024-01-08 09:26:14,2630.0
2024-01-08 09:26:15,2629.1
2024-01-08 09:26:16,2630.3
2024-01-08 09:26:17,2630.3
2024-01-08 09:26:18,2628.75
2024-01-08 09:26:19,2629.75
2024-01-08 09:26:20,2629.4
2024-01-08 09:26:21,2629.1
2024-01-08 09:26:22,2629.4
2024-01-08 09:26:23,2628.75
2024-01-08 09:26:24,2628.25
2024-01-08 09:26:25,2628.35
2024-01-08 09:26:26,2629.25
2024-01-08 09:26:27,2628.55
2024-01-08 09:26:28,2628.55
2024-01-08 09:26:29,2628.6
2024-01-08 09:26:30,2628.8
2024-01-08 09:26:31,2630.1
2024-01-08 09:26:32,2629.35
2024-01-08 09:26:33,2629.85
2024-01-08 09:26:34,2629.35
2024-01-08 09:26:35,2630.25
2024-01-08 09:26:36,2628.9
2024-01-08 09:26:37,2630.3
2024-01-08 09:26:38,2630.0
2024-01-08 09:26:39,2630.25
2024-01-08 09:26:40,2630.0
2024-01-08 09:26:41,2629.85
2024-01-08 09:26:42,2629.85
2024-01-08 09:26:43,2629.65
2024-01-08 09:27:14,2628.25
2024-01-08 09:27:15,2627.55
2024-01-08 09:27:16,2627.55
2024-01-08 09:27:17,2627.55
2024-01-08 09:27:18,2627.85
2024-01-08 09:27:19,2627.55
2024-01-08 09:27:20,2627.55
2024-01-08 09:27:21,2627.0
2024-01-08 09:27:22,2627.0
2024-01-08 09:27:23,2627.85
2024-01-08 09:27:24,2627.95
2024-01-08 09:27:25,2627.6
2024-01-08 09:27:26,2628.0
2024-01-08 09:27:27,2628.0
2024-01-08 09:27:28,2627.6
2024-01-08 09:27:29,2627.6
2024-01-08 09:27:30,2627.6
2024-01-08 09:27:31,2627.6
2024-01-08 09:27:32,2628.25
2024-01-08 09:27:33,2627.6
2024-01-08 09:27:34,2628.25
2024-01-08 09:27:35,2627.6
2024-01-08 09:27:36,2627.6
2024-01-08 09:27:37,2628.0
2024-01-08 09:27:38,2627.6
2024-01-08 09:27:39,2628.0
2024-01-08 09:27:40,2626.9
2024-01-08 09:27:41,2627.95
2024-01-08 09:27:42,2626.65
2024-01-08 09:27:43,2627.05
2024-01-08 09:28:13,2626.15
2024-01-08 09:28:14,2627.05
2024-01-08 09:28:15,2627.05
2024-01-08 09:28:16,2626.2
2024-01-08 09:28:17,2627.05
2024-01-08 09:28:18,2626.5
2024-01-08 09:28:19,2626.5
2024-01-08 09:28:20,2627.5
2024-01-08 09:28:21,2626.55
2024-01-08 09:28:22,2627.4
2024-01-08 09:28:23,2626.5
2024-01-08 09:28:24,2626.5
2024-01-08 09:28:25,2627.05
2024-01-08 09:28:26,2626.5
2024-01-08 09:28:28,2626.4
2024-01-08 09:28:29,2626.4
2024-01-08 09:28:30,2627.5
2024-01-08 09:28:31,2627.6
2024-01-08 09:28:32,2627.05
2024-01-08 09:28:33,2627.6
2024-01-08 09:28:34,2627.1
2024-01-08 09:28:35,2627.25
2024-01-08 09:28:36,2627.5
2024-01-08 09:28:37,2627.25
2024-01-08 09:28:38,2627.25
2024-01-08 09:28:39,2628.0
2024-01-08 09:28:40,2628.0
2024-01-08 09:28:41,2627.3
2024-01-08 09:28:42,2627.3
2024-01-08 09:28:43,2627.9
2024-01-08 09:29:14,2627.9
2024-01-08 09:29:15,2627.95
2024-01-08 09:29:16,2627.9
2024-01-08 09:29:17,2628.65
2024-01-08 09:29:18,2627.9
2024-01-08 09:29:19,2628.0
2024-01-08 09:29:20,2628.4
2024-01-08 09:29:21,2627.9
2024-01-08 09:29:22,2627.9
2024-01-08 09:29:23,2628.0
2024-01-08 09:29:24,2628.3
2024-01-08 09:29:25,2628.3
2024-01-08 09:29:26,2627.35
2024-01-08 09:29:27,2628.0
2024-01-08 09:29:29,2628.3
2024-01-08 09:29:30,2628.3
2024-01-08 09:29:31,2627.7
2024-01-08 09:29:32,2628.6
2024-01-08 09:29:33,2628.5
2024-01-08 09:29:34,2627.7
2024-01-08 09:29:35,2628.4
2024-01-08 09:29:36,2628.0
2024-01-08 09:29:37,2627.7
2024-01-08 09:29:38,2627.75
2024-01-08 09:29:39,2627.75
2024-01-08 09:29:40,2627.75
2024-01-08 09:29:41,2627.7
2024-01-08 09:29:42,2627.25
2024-01-08 09:29:43,2626.0
2024-01-08 09:30:13,2623.65
2024-01-08 09:30:14,2623.05
2024-01-08 09:30:15,2623.7
2024-01-08 09:30:16,2623.7
2024-01-08 09:30:17,2623.05
2024-01-08 09:30:18,2623.7
2024-01-08 09:30:20,2623.95
2024-01-08 09:30:21,2623.7
2024-01-08 09:30:22,2623.65
2024-01-08 09:30:23,2623.1
2024-01-08 09:30:24,2622.85
2024-01-08 09:30:25,2624.9
2024-01-08 09:30:26,2624.85
2024-01-08 09:30:27,2624.8
2024-01-08 09:30:28,2624.3
2024-01-08 09:30:29,2624.3
2024-01-08 09:30:30,2624.95
2024-01-08 09:30:31,2624.3
2024-01-08 09:30:32,2624.0
2024-01-08 09:30:33,2623.45
2024-01-08 09:30:34,2623.0
2024-01-08 09:30:35,2623.7
2024-01-08 09:30:36,2623.0
2024-01-08 09:30:37,2623.05
2024-01-08 09:30:38,2623.05
2024-01-08 09:30:39,2623.05
2024-01-08 09:30:40,2623.05
2024-01-08 09:30:41,2623.0
2024-01-08 09:30:42,2623.8
2024-01-08 09:31:14,2621.65
2024-01-08 09:31:15,2622.0
2024-01-08 09:31:16,2622.85
2024-01-08 09:31:17,2622.05
2024-01-08 09:31:18,2623.05
2024-01-08 09:31:19,2622.55
2024-01-08 09:31:20,2622.55
2024-01-08 09:31:21,2622.55
2024-01-08 09:31:22,2623.0
2024-01-08 09:31:23,2623.0
2024-01-08 09:31:24,2622.6
2024-01-08 09:31:25,2622.6
2024-01-08 09:31:26,2622.55
2024-01-08 09:31:27,2622.6
2024-01-08 09:31:28,2622.55
2024-01-08 09:31:29,2622.55
2024-01-08 09:31:30,2622.55
2024-01-08 09:31:31,2622.95
2024-01-08 09:31:32,2622.75
2024-01-08 09:31:34,2622.75
2024-01-08 09:31:35,2622.95
2024-01-08 09:31:36,2622.95
2024-01-08 09:31:37,2622.75
2024-01-08 09:31:38,2622.95
2024-01-08 09:31:39,2622.95
2024-01-08 09:31:40,2623.0
2024-01-08 09:31:41,2623.0
2024-01-08 09:31:42,2623.0
2024-01-08 09:31:43,2622.95
2024-01-08 09:32:14,2621.35
2024-01-08 09:32:15,2621.35
2024-01-08 09:32:16,2621.35
2024-01-08 09:32:17,2621.25
2024-01-08 09:32:18,2621.25
2024-01-08 09:32:19,2621.25
2024-01-08 09:32:20,2621.6
2024-01-08 09:32:21,2621.2
2024-01-08 09:32:22,2621.35
2024-01-08 09:32:23,2621.2
2024-01-08 09:32:24,2621.4
2024-01-08 09:32:25,2621.4
2024-01-08 09:32:26,2621.4
2024-01-08 09:32:27,2621.6
2024-01-08 09:32:28,2621.6
2024-01-08 09:32:29,2621.5
2024-01-08 09:32:30,2621.95
2024-01-08 09:32:31,2622.7
2024-01-08 09:32:32,2621.7
2024-01-08 09:32:33,2621.7
2024-01-08 09:32:34,2621.7
2024-01-08 09:32:35,2621.7
2024-01-08 09:32:36,2621.7
2024-01-08 09:32:37,2621.7
2024-01-08 09:32:38,2621.7
2024-01-08 09:32:39,2621.7
2024-01-08 09:32:40,2622.0
2024-01-08 09:32:41,2621.7
2024-01-08 09:32:42,2622.0
2024-01-08 09:33:13,2620.4
2024-01-08 09:33:15,2620.4
2024-01-08 09:33:16,2620.25
2024-01-08 09:33:17,2620.5
2024-01-08 09:33:18,2620.95
2024-01-08 09:33:19,2620.45
2024-01-08 09:33:20,2620.45
2024-01-08 09:33:21,2620.45
2024-01-08 09:33:22,2620.9
2024-01-08 09:33:23,2620.25
2024-01-08 09:33:25,2620.4
2024-01-08 09:33:26,2620.25
2024-01-08 09:33:27,2620.25
2024-01-08 09:33:28,2620.4
2024-01-08 09:33:29,2620.25
2024-01-08 09:33:30,2620.15
2024-01-08 09:33:31,2620.05
2024-01-08 09:33:32,2620.0
2024-01-08 09:33:33,2620.35
2024-01-08 09:33:34,2620.0
2024-01-08 09:33:36,2620.0
2024-01-08 09:33:37,2620.25
2024-01-08 09:33:38,2619.0
2024-01-08 09:33:39,2619.0
2024-01-08 09:33:40,2619.5
2024-01-08 09:33:42,2618.65
2024-01-08 09:34:14,2618.9
2024-01-08 09:34:15,2619.0
2024-01-08 09:34:16,2619.95
2024-01-08 09:34:17,2619.0
2024-01-08 09:34:18,2619.95
2024-01-08 09:34:19,2619.0
2024-01-08 09:34:20,2619.95
2024-01-08 09:34:21,2618.9
2024-01-08 09:34:22,2618.9
2024-01-08 09:34:23,2619.0
2024-01-08 09:34:24,2618.9
2024-01-08 09:34:25,2618.9
2024-01-08 09:34:26,2619.0
2024-01-08 09:34:27,2619.0
2024-01-08 09:34:28,2618.25
2024-01-08 09:34:29,2618.45
2024-01-08 09:34:30,2618.1
2024-01-08 09:34:31,2618.45
2024-01-08 09:34:32,2618.55
2024-01-08 09:34:33,2618.5
2024-01-08 09:34:34,2618.35
2024-01-08 09:34:35,2618.25
2024-01-08 09:34:36,2618.25
2024-01-08 09:34:37,2618.25
2024-01-08 09:34:38,2618.15
2024-01-08 09:34:39,2618.15
2024-01-08 09:34:40,2618.55
2024-01-08 09:34:41,2618.55
2024-01-08 09:34:42,2619.0
2024-01-08 09:34:43,2618.85
2024-01-08 09:34:44,2618.85
2024-01-08 09:34:45,2618.85
2024-01-08 09:34:46,2618.85
2024-01-08 09:34:47,2619.55
2024-01-08 09:34:48,2619.4
2024-01-08 09:34:49,2618.9
2024-01-08 09:34:50,2618.9
2024-01-08 09:34:51,2619.4
2024-01-08 09:34:52,2619.0
2024-01-08 09:34:53,2619.0
2024-01-08 09:34:54,2619.0
2024-01-08 09:34:55,2619.0
2024-01-08 09:34:56,2619.55
2024-01-08 09:34:57,2619.95
2024-01-08 09:34:58,2619.0
2024-01-08 09:34:59,2619.75
2024-01-08 09:35:00,2619.8
2024-01-08 09:35:01,2618.9
2024-01-08 09:35:02,2619.0
2024-01-08 09:35:03,2619.0
2024-01-08 09:35:04,2619.0
2024-01-08 09:35:05,2619.05
2024-01-08 09:35:06,2619.95
2024-01-08 09:35:07,2619.3
2024-01-08 09:35:08,2619.3
2024-01-08 09:35:09,2619.3
2024-01-08 09:35:10,2619.3
2024-01-08 09:35:11,2619.7
2024-01-08 09:35:12,2619.7
2024-01-08 09:35:13,2619.7
2024-01-08 09:35:14,2619.3
2024-01-08 09:35:15,2619.3
2024-01-08 09:35:16,2619.3
2024-01-08 09:35:17,2619.7
2024-01-08 09:35:18,2619.3
2024-01-08 09:35:19,2619.3
2024-01-08 09:35:20,2619.6
2024-01-08 09:35:21,2619.3
2024-01-08 09:35:22,2619.0
2024-01-08 09:35:23,2617.5
2024-01-08 09:35:24,2617.5
2024-01-08 09:35:25,2617.55
2024-01-08 09:35:26,2617.7
2024-01-08 09:35:27,2618.6
2024-01-08 09:35:28,2618.6
2024-01-08 09:35:29,2617.65
2024-01-08 09:35:30,2617.8
2024-01-08 09:35:31,2618.6
2024-01-08 09:35:32,2617.4
2024-01-08 09:35:33,2617.4
2024-01-08 09:35:34,2617.5
2024-01-08 09:35:35,2617.7
2024-01-08 09:35:36,2617.7
2024-01-08 09:35:37,2617.5
2024-01-08 09:35:38,2617.5
2024-01-08 09:35:39,2617.65
2024-01-08 09:35:40,2617.65
2024-01-08 09:35:41,2617.65
2024-01-08 09:35:42,2617.8
2024-01-08 09:35:43,2617.65
2024-01-08 09:35:44,2617.5
2024-01-08 09:35:45,2617.0
2024-01-08 09:35:46,2617.3
2024-01-08 09:35:47,2618.15
2024-01-08 09:35:48,2617.5
2024-01-08 09:35:49,2617.5
2024-01-08 09:35:50,2617.5
2024-01-08 09:35:51,2617.15
2024-01-08 09:35:52,2618.25
2024-01-08 09:35:53,2617.5
2024-01-08 09:35:54,2617.5
2024-01-08 09:35:55,2617.5
2024-01-08 09:35:56,2618.25
2024-01-08 09:35:57,2617.55
2024-01-08 09:35:58,2617.55
2024-01-08 09:35:59,2617.55
2024-01-08 09:36:00,2618.3
2024-01-08 09:36:01,2618.15
2024-01-08 09:36:02,2618.15
2024-01-08 09:36:03,2618.25
2024-01-08 09:36:04,2618.0
2024-01-08 09:36:05,2618.05
2024-01-08 09:36:06,2618.25
2024-01-08 09:36:07,2618.05
2024-01-08 09:36:08,2618.05
2024-01-08 09:36:09,2618.25
2024-01-08 09:36:10,2618.05
2024-01-08 09:36:11,2618.25
2024-01-08 09:36:12,2618.3
2024-01-08 09:36:13,2618.3
2024-01-08 09:36:14,2618.2
2024-01-08 09:36:15,2618.4
2024-01-08 09:36:16,2618.4
2024-01-08 09:36:17,2618.25
2024-01-08 09:36:18,2618.3
2024-01-08 09:36:19,2618.3
2024-01-08 09:36:20,2618.4
2024-01-08 09:36:21,2618.3
2024-01-08 09:36:22,2618.3
2024-01-08 09:36:23,2617.05
2024-01-08 09:36:24,2617.8
2024-01-08 09:36:25,2617.8
2024-01-08 09:36:26,2617.0
2024-01-08 09:36:27,2617.8
2024-01-08 09:36:28,2617.0
2024-01-08 09:36:29,2617.8
2024-01-08 09:36:30,2617.0
2024-01-08 09:36:32,2617.75
2024-01-08 09:36:33,2617.8
2024-01-08 09:36:34,2617.35
2024-01-08 09:36:35,2617.8
2024-01-08 09:36:36,2617.1
2024-01-08 09:36:37,2617.1
2024-01-08 09:36:38,2617.8
2024-01-08 09:36:39,2617.1
2024-01-08 09:36:40,2618.0
2024-01-08 09:36:41,2616.95
2024-01-08 09:36:42,2617.15
2024-01-08 09:36:43,2617.3
2024-01-08 09:36:44,2617.3
2024-01-08 09:36:45,2617.3
2024-01-08 09:36:46,2617.3
2024-01-08 09:36:47,2617.3
2024-01-08 09:36:49,2617.3
2024-01-08 09:36:50,2617.3
2024-01-08 09:36:51,2617.3
2024-01-08 09:36:52,2617.3
2024-01-08 09:36:54,2617.3
2024-01-08 09:36:55,2618.05
2024-01-08 09:36:56,2618.95
2024-01-08 09:36:57,2618.05
2024-01-08 09:36:58,2618.1
2024-01-08 09:36:59,2618.1
2024-01-08 09:37:00,2618.45
2024-01-08 09:37:01,2618.35
2024-01-08 09:37:02,2618.95
2024-01-08 09:37:03,2618.4
2024-01-08 09:37:04,2619.5
2024-01-08 09:37:05,2619.7
2024-01-08 09:37:06,2619.7
2024-01-08 09:37:07,2619.7
2024-01-08 09:37:09,2619.7
2024-01-08 09:37:10,2620.0
2024-01-08 09:37:11,2620.0
2024-01-08 09:37:12,2620.4
2024-01-08 09:37:13,2619.95
2024-01-08 09:37:14,2620.0
2024-01-08 09:37:15,2620.25
2024-01-08 09:37:16,2620.05
2024-01-08 09:37:17,2620.05
2024-01-08 09:37:19,2620.05
2024-01-08 09:37:20,2620.05
2024-01-08 09:37:21,2620.05
2024-01-08 09:37:22,2620.05
2024-01-08 09:37:23,2620.05
2024-01-08 09:37:24,2620.05
2024-01-08 09:37:25,2620.05
2024-01-08 09:37:26,2620.05
2024-01-08 09:37:27,2620.85
2024-01-08 09:37:28,2620.05
2024-01-08 09:37:29,2620.8
2024-01-08 09:37:30,2620.8
2024-01-08 09:37:31,2620.9
2024-01-08 09:37:32,2619.85
2024-01-08 09:37:33,2619.85
2024-01-08 09:37:34,2619.0
2024-01-08 09:37:35,2619.0
2024-01-08 09:37:36,2619.2
2024-01-08 09:37:37,2619.2
2024-01-08 09:37:38,2619.05
2024-01-08 09:37:39,2619.05
2024-01-08 09:37:40,2618.1
2024-01-08 09:37:41,2618.75
2024-01-08 09:37:42,2618.8
2024-01-08 09:38:14,2618.25
2024-01-08 09:38:15,2618.05
2024-01-08 09:38:16,2618.05
2024-01-08 09:38:17,2618.25
2024-01-08 09:38:18,2618.0
2024-01-08 09:38:19,2618.0
2024-01-08 09:38:20,2618.0
2024-01-08 09:38:21,2617.9
2024-01-08 09:38:22,2618.0
2024-01-08 09:38:23,2618.0
2024-01-08 09:38:24,2618.0
2024-01-08 09:38:25,2618.0
2024-01-08 09:38:26,2617.95
2024-01-08 09:38:27,2616.4
2024-01-08 09:38:28,2616.0
2024-01-08 09:38:29,2616.0
2024-01-08 09:38:30,2616.0
2024-01-08 09:38:32,2616.35
2024-01-08 09:38:33,2616.4
2024-01-08 09:38:34,2616.2
2024-01-08 09:38:35,2616.2
2024-01-08 09:38:36,2616.4
2024-01-08 09:38:37,2616.4
2024-01-08 09:38:38,2616.4
2024-01-08 09:38:39,2616.35
2024-01-08 09:38:40,2616.4
2024-01-08 09:38:41,2616.4
2024-01-08 09:38:42,2616.35
2024-01-08 09:38:43,2616.35
2024-01-08 09:38:44,2616.4
2024-01-08 09:38:45,2616.5
2024-01-08 09:38:46,2616.35
2024-01-08 09:38:47,2616.5
2024-01-08 09:38:48,2616.05
2024-01-08 09:38:49,2616.5
2024-01-08 09:38:50,2616.5
2024-01-08 09:38:51,2616.4
2024-01-08 09:38:52,2616.5
2024-01-08 09:38:53,2616.4
2024-01-08 09:38:54,2616.8
2024-01-08 09:38:56,2616.4
2024-01-08 09:38:57,2616.0
2024-01-08 09:38:58,2616.2
2024-01-08 09:38:59,2616.2
2024-01-08 09:39:00,2616.2
2024-01-08 09:39:01,2616.15
2024-01-08 09:39:02,2616.0
2024-01-08 09:39:03,2616.2
2024-01-08 09:39:04,2616.2
2024-01-08 09:39:05,2616.6
2024-01-08 09:39:06,2616.65
2024-01-08 09:39:07,2616.65
2024-01-08 09:39:08,2616.6
2024-01-08 09:39:09,2616.9
2024-01-08 09:39:10,2616.7
2024-01-08 09:39:11,2617.2
2024-01-08 09:39:12,2618.0
2024-01-08 09:39:13,2618.0
2024-01-08 09:39:43,2617.45
2024-01-08 09:39:44,2617.5
2024-01-08 09:39:46,2617.5
2024-01-08 09:39:47,2617.75
2024-01-08 09:39:48,2617.5
2024-01-08 09:39:49,2617.75
2024-01-08 09:39:50,2617.45
2024-01-08 09:39:51,2617.7
2024-01-08 09:39:52,2617.35
2024-01-08 09:39:53,2617.35
2024-01-08 09:39:54,2617.35
2024-01-08 09:39:55,2617.35
2024-01-08 09:39:56,2617.35
2024-01-08 09:39:57,2617.35
2024-01-08 09:39:58,2617.7
2024-01-08 09:39:59,2617.7
2024-01-08 09:40:00,2617.7
2024-01-08 09:40:01,2617.7
2024-01-08 09:40:02,2617.5
2024-01-08 09:40:03,2617.75
2024-01-08 09:40:05,2617.5
2024-01-08 09:40:06,2617.5
2024-01-08 09:40:07,2617.5
2024-01-08 09:40:08,2617.75
2024-01-08 09:40:09,2617.75
2024-01-08 09:40:10,2617.5
2024-01-08 09:40:11,2617.75
2024-01-08 09:40:12,2617.5
2024-01-08 09:40:13,2617.5
2024-01-08 09:40:14,2617.75
2024-01-08 09:40:15,2617.75
2024-01-08 09:40:16,2617.8
2024-01-08 09:40:17,2617.5
2024-01-08 09:40:18,2617.2
2024-01-08 09:40:19,2615.9
2024-01-08 09:40:20,2615.9
2024-01-08 09:40:21,2615.35
2024-01-08 09:40:22,2615.35
2024-01-08 09:40:23,2615.35
2024-01-08 09:40:24,2615.35
2024-01-08 09:40:25,2615.25
2024-01-08 09:40:26,2615.05
2024-01-08 09:40:27,2615.05
2024-01-08 09:40:28,2615.0
2024-01-08 09:40:29,2615.05
2024-01-08 09:40:30,2615.05
2024-01-08 09:40:31,2615.0
2024-01-08 09:40:32,2615.0
2024-01-08 09:40:33,2615.05
2024-01-08 09:40:34,2615.05
2024-01-08 09:40:35,2615.05
2024-01-08 09:40:36,2615.2
2024-01-08 09:40:37,2615.05
2024-01-08 09:40:38,2615.15
2024-01-08 09:40:39,2615.0
2024-01-08 09:40:41,2614.25
2024-01-08 09:40:42,2613.6
2024-01-08 09:40:43,2613.45
2024-01-08 09:41:14,2612.3
2024-01-08 09:41:16,2613.3
2024-01-08 09:41:17,2612.85
2024-01-08 09:41:18,2613.3
2024-01-08 09:41:19,2612.85
2024-01-08 09:41:21,2612.85
2024-01-08 09:41:22,2612.85
2024-01-08 09:41:23,2612.85
2024-01-08 09:41:24,2613.3
2024-01-08 09:41:25,2612.85
2024-01-08 09:41:27,2612.85
2024-01-08 09:41:28,2612.3
2024-01-08 09:41:29,2612.85
2024-01-08 09:41:30,2612.85
2024-01-08 09:41:32,2612.85
2024-01-08 09:41:33,2612.85
2024-01-08 09:41:34,2612.85
2024-01-08 09:41:35,2613.75
2024-01-08 09:41:36,2613.7
2024-01-08 09:41:37,2613.6
2024-01-08 09:41:38,2612.85
2024-01-08 09:41:40,2613.1
2024-01-08 09:41:41,2613.7
2024-01-08 09:41:42,2612.85
2024-01-08 09:42:13,2613.15
2024-01-08 09:42:15,2614.2
2024-01-08 09:42:16,2614.2
2024-01-08 09:42:17,2614.5
2024-01-08 09:42:18,2614.2
2024-01-08 09:42:19,2615.0
2024-01-08 09:42:20,2614.5
2024-01-08 09:42:22,2614.5
2024-01-08 09:42:23,2614.2
2024-01-08 09:42:24,2615.0
2024-01-08 09:42:25,2615.0
2024-01-08 09:42:26,2615.5
2024-01-08 09:42:28,2614.25
2024-01-08 09:42:29,2613.95
2024-01-08 09:42:30,2614.45
2024-01-08 09:42:31,2613.95
2024-01-08 09:42:32,2615.1
2024-01-08 09:42:33,2614.5
2024-01-08 09:42:34,2614.75
2024-01-08 09:42:35,2613.95
2024-01-08 09:42:36,2614.4
2024-01-08 09:42:38,2614.25
2024-01-08 09:42:39,2614.5
2024-01-08 09:42:40,2613.6
2024-01-08 09:42:41,2613.05
2024-01-08 09:42:42,2613.05
2024-01-08 09:43:14,2613.1
2024-01-08 09:43:15,2613.05
2024-01-08 09:43:16,2613.05
2024-01-08 09:43:17,2613.4
2024-01-08 09:43:19,2613.05
2024-01-08 09:43:20,2613.4
2024-01-08 09:43:21,2613.0
2024-01-08 09:43:22,2613.05
2024-01-08 09:43:23,2613.0
2024-01-08 09:43:24,2613.05
2024-01-08 09:43:25,2613.05
2024-01-08 09:43:26,2613.05
2024-01-08 09:43:28,2613.0
2024-01-08 09:43:29,2613.0
2024-01-08 09:43:30,2612.7
2024-01-08 09:43:31,2612.7
2024-01-08 09:43:32,2612.7
2024-01-08 09:43:34,2612.6
2024-01-08 09:43:35,2612.6
2024-01-08 09:43:36,2612.45
2024-01-08 09:43:37,2612.45
2024-01-08 09:43:38,2612.6
2024-01-08 09:43:39,2613.0
2024-01-08 09:43:41,2612.45
2024-01-08 09:43:42,2612.6
2024-01-08 09:43:43,2612.6
2024-01-08 09:44:14,2611.05
2024-01-08 09:44:15,2611.05
2024-01-08 09:44:16,2611.75
2024-01-08 09:44:17,2611.95
2024-01-08 09:44:18,2611.0
2024-01-08 09:44:19,2611.05
2024-01-08 09:44:20,2611.05
2024-01-08 09:44:21,2611.05
2024-01-08 09:44:22,2611.05
2024-01-08 09:44:24,2611.55
2024-01-08 09:44:25,2611.4
2024-01-08 09:44:26,2611.55
2024-01-08 09:44:27,2611.55
2024-01-08 09:44:28,2611.25
2024-01-08 09:44:29,2611.5
2024-01-08 09:44:31,2611.55
2024-01-08 09:44:32,2611.55
2024-01-08 09:44:33,2611.55
2024-01-08 09:44:34,2611.35
2024-01-08 09:44:35,2611.5
2024-01-08 09:44:36,2611.5
2024-01-08 09:44:38,2611.0
2024-01-08 09:44:39,2611.35
2024-01-08 09:44:40,2611.5
2024-01-08 09:44:41,2611.5
2024-01-08 09:44:42,2611.55
2024-01-08 09:44:43,2611.5
2024-01-08 09:45:14,2611.6
2024-01-08 09:45:15,2611.6
2024-01-08 09:45:16,2611.7
2024-01-08 09:45:17,2611.6
2024-01-08 09:45:18,2611.6
2024-01-08 09:45:19,2611.6
2024-01-08 09:45:20,2611.9
2024-01-08 09:45:21,2611.7
2024-01-08 09:45:22,2612.0
2024-01-08 09:45:23,2612.0
2024-01-08 09:45:24,2611.6
2024-01-08 09:45:25,2611.4
2024-01-08 09:45:26,2610.6
2024-01-08 09:45:27,2610.6
2024-01-08 09:45:28,2610.6
2024-01-08 09:45:29,2610.1
2024-01-08 09:45:30,2610.1
2024-01-08 09:45:31,2611.0
2024-01-08 09:45:32,2610.05
2024-01-08 09:45:33,2610.15
2024-01-08 09:45:34,2610.1
2024-01-08 09:45:35,2610.15
2024-01-08 09:45:36,2610.15
2024-01-08 09:45:37,2611.2
2024-01-08 09:45:38,2611.3
2024-01-08 09:45:39,2610.7
2024-01-08 09:45:40,2611.6
2024-01-08 09:45:41,2610.6
2024-01-08 09:45:42,2611.3
2024-01-08 09:45:43,2611.0
2024-01-08 09:46:14,2611.4
2024-01-08 09:46:15,2612.25
2024-01-08 09:46:16,2611.4
2024-01-08 09:46:17,2611.4
2024-01-08 09:46:18,2611.45
2024-01-08 09:46:19,2611.45
2024-01-08 09:46:20,2611.5
2024-01-08 09:46:21,2612.4
2024-01-08 09:46:22,2611.9
2024-01-08 09:46:23,2611.95
2024-01-08 09:46:24,2612.95
2024-01-08 09:46:25,2612.95
2024-01-08 09:46:26,2612.35
2024-01-08 09:46:27,2612.2
2024-01-08 09:46:28,2612.65
2024-01-08 09:46:29,2612.5
2024-01-08 09:46:30,2613.1
2024-01-08 09:46:31,2612.5
2024-01-08 09:46:32,2612.55
2024-01-08 09:46:33,2613.1
2024-01-08 09:46:34,2612.8
2024-01-08 09:46:35,2612.8
2024-01-08 09:46:36,2612.8
2024-01-08 09:46:37,2613.1
2024-01-08 09:46:38,2613.1
2024-01-08 09:46:39,2612.8
2024-01-08 09:46:40,2612.8
2024-01-08 09:46:41,2613.1
2024-01-08 09:46:42,2612.9
2024-01-08 09:46:43,2612.9
2024-01-08 09:46:44,2612.9
2024-01-08 09:46:45,2612.8
2024-01-08 09:46:46,2613.75
2024-01-08 09:46:47,2612.9
2024-01-08 09:46:48,2612.85
2024-01-08 09:46:49,2612.9
2024-01-08 09:46:50,2612.8
2024-01-08 09:46:51,2612.85
2024-01-08 09:46:52,2612.7
2024-01-08 09:46:53,2613.15
2024-01-08 09:46:54,2613.15
2024-01-08 09:46:55,2613.2
2024-01-08 09:46:56,2613.0
2024-01-08 09:46:57,2613.1
2024-01-08 09:46:58,2612.9
2024-01-08 09:46:59,2612.9
2024-01-08 09:47:00,2613.25
2024-01-08 09:47:01,2613.0
2024-01-08 09:47:02,2612.75
2024-01-08 09:47:03,2612.75
2024-01-08 09:47:04,2612.2
2024-01-08 09:47:05,2612.2
2024-01-08 09:47:06,2611.5
2024-01-08 09:47:07,2611.0
2024-01-08 09:47:08,2610.8
2024-01-08 09:47:09,2610.95
2024-01-08 09:47:10,2611.0
2024-01-08 09:47:11,2612.2
2024-01-08 09:47:13,2612.15
2024-01-08 09:47:43,2611.2
2024-01-08 09:47:45,2611.05
2024-01-08 09:47:46,2611.2
2024-01-08 09:47:47,2611.05
2024-01-08 09:47:48,2611.2
2024-01-08 09:47:50,2611.05
2024-01-08 09:47:51,2611.05
2024-01-08 09:47:52,2611.05
2024-01-08 09:47:53,2611.05
2024-01-08 09:47:54,2611.15
2024-01-08 09:47:55,2611.05
2024-01-08 09:47:56,2611.05
2024-01-08 09:47:57,2611.05
2024-01-08 09:47:58,2611.05
2024-01-08 09:47:59,2611.05
2024-01-08 09:48:00,2611.0
2024-01-08 09:48:02,2610.8
2024-01-08 09:48:03,2610.05
2024-01-08 09:48:04,2610.1
2024-01-08 09:48:05,2610.1
2024-01-08 09:48:06,2610.15
2024-01-08 09:48:07,2610.15
2024-01-08 09:48:09,2610.15
2024-01-08 09:48:10,2610.05
2024-01-08 09:48:11,2610.05
2024-01-08 09:48:12,2610.0
2024-01-08 09:48:44,2609.6
2024-01-08 09:48:45,2609.05
2024-01-08 09:48:46,2609.0
2024-01-08 09:48:47,2609.0
2024-01-08 09:48:48,2609.6
2024-01-08 09:48:50,2609.05
2024-01-08 09:48:51,2609.05
2024-01-08 09:48:52,2609.2
2024-01-08 09:48:53,2609.5
2024-01-08 09:48:54,2609.95
2024-01-08 09:48:56,2610.25
2024-01-08 09:48:57,2610.5
2024-01-08 09:48:58,2611.05
2024-01-08 09:48:59,2610.5
2024-01-08 09:49:00,2610.25
2024-01-08 09:49:01,2609.4
2024-01-08 09:49:02,2610.5
2024-01-08 09:49:03,2609.55
2024-01-08 09:49:05,2610.2
2024-01-08 09:49:06,2609.6
2024-01-08 09:49:07,2609.7
2024-01-08 09:49:09,2610.2
2024-01-08 09:49:10,2610.2
2024-01-08 09:49:11,2610.25
2024-01-08 09:49:12,2610.0
2024-01-08 09:49:43,2610.5
2024-01-08 09:49:44,2610.5
2024-01-08 09:49:46,2610.6
2024-01-08 09:49:47,2610.7
2024-01-08 09:49:48,2610.5
2024-01-08 09:49:49,2610.6
2024-01-08 09:49:51,2611.0
2024-01-08 09:49:52,2610.6
2024-01-08 09:49:53,2610.6
2024-01-08 09:49:54,2610.6
2024-01-08 09:49:56,2610.6
2024-01-08 09:49:57,2610.6
2024-01-08 09:49:58,2611.05
2024-01-08 09:49:59,2611.05
2024-01-08 09:50:01,2611.2
2024-01-08 09:50:02,2611.0
2024-01-08 09:50:03,2611.05
2024-01-08 09:50:04,2611.05
2024-01-08 09:50:06,2611.05
2024-01-08 09:50:07,2611.05
2024-01-08 09:50:08,2611.35
2024-01-08 09:50:09,2611.15
2024-01-08 09:50:10,2611.95
2024-01-08 09:50:11,2611.95
2024-01-08 09:50:12,2611.15
2024-01-08 09:50:13,2611.6
2024-01-08 09:50:43,2612.45
2024-01-08 09:50:44,2612.9
2024-01-08 09:50:45,2612.45
2024-01-08 09:50:47,2612.9
2024-01-08 09:50:48,2612.9
2024-01-08 09:50:50,2612.7
2024-01-08 09:50:51,2612.7
2024-01-08 09:50:52,2612.7
2024-01-08 09:50:53,2612.9
2024-01-08 09:50:54,2612.9
2024-01-08 09:50:55,2612.7
2024-01-08 09:50:56,2612.7
2024-01-08 09:50:57,2612.9
2024-01-08 09:50:58,2612.9
2024-01-08 09:50:59,2612.7
2024-01-08 09:51:00,2612.9
2024-01-08 09:51:01,2612.9
2024-01-08 09:51:03,2612.9
2024-01-08 09:51:04,2613.0
2024-01-08 09:51:05,2612.9
2024-01-08 09:51:06,2612.9
2024-01-08 09:51:07,2612.9
2024-01-08 09:51:08,2612.1
2024-01-08 09:51:09,2612.25
2024-01-08 09:51:10,2612.25
2024-01-08 09:51:11,2612.0
2024-01-08 09:51:12,2612.25
2024-01-08 09:51:13,2612.0
2024-01-08 09:51:44,2613.3
2024-01-08 09:51:45,2613.25
2024-01-08 09:51:46,2613.25
2024-01-08 09:51:47,2613.25
2024-01-08 09:51:48,2613.25
2024-01-08 09:51:49,2613.25
2024-01-08 09:51:50,2613.25
2024-01-08 09:51:51,2613.25
2024-01-08 09:51:52,2613.85
2024-01-08 09:51:53,2613.85
2024-01-08 09:51:55,2613.9
2024-01-08 09:51:56,2614.0
2024-01-08 09:51:57,2614.0
2024-01-08 09:51:58,2614.0
2024-01-08 09:51:59,2613.9
2024-01-08 09:52:00,2614.4
2024-01-08 09:52:01,2613.9
2024-01-08 09:52:02,2613.8
2024-01-08 09:52:03,2613.8
2024-01-08 09:52:05,2613.8
2024-01-08 09:52:06,2613.85
2024-01-08 09:52:07,2613.85
2024-01-08 09:52:08,2613.85
2024-01-08 09:52:09,2613.85
2024-01-08 09:52:10,2613.8
2024-01-08 09:52:11,2613.85
2024-01-08 09:52:12,2613.8
2024-01-08 09:52:13,2614.0
2024-01-08 09:52:44,2615.45
2024-01-08 09:52:45,2615.45
2024-01-08 09:52:46,2615.85
2024-01-08 09:52:48,2615.15
2024-01-08 09:52:49,2615.15
2024-01-08 09:52:50,2615.85
2024-01-08 09:52:51,2615.15
2024-01-08 09:52:52,2615.35
2024-01-08 09:52:53,2616.0
2024-01-08 09:52:54,2616.0
2024-01-08 09:52:55,2616.3
2024-01-08 09:52:56,2616.5
2024-01-08 09:52:57,2615.95
2024-01-08 09:52:58,2616.5
2024-01-08 09:52:59,2616.0
2024-01-08 09:53:00,2616.25
2024-01-08 09:53:01,2616.1
2024-01-08 09:53:02,2615.0
2024-01-08 09:53:03,2615.0
2024-01-08 09:53:04,2615.05
2024-01-08 09:53:05,2615.0
2024-01-08 09:53:06,2615.0
2024-01-08 09:53:07,2615.15
2024-01-08 09:53:08,2614.9
2024-01-08 09:53:09,2615.0
2024-01-08 09:53:10,2614.0
2024-01-08 09:53:11,2614.0
2024-01-08 09:53:12,2614.05
2024-01-08 09:53:13,2614.0
2024-01-08 09:53:14,2614.0
2024-01-08 09:53:15,2615.0
2024-01-08 09:53:16,2613.75
2024-01-08 09:53:17,2613.35
2024-01-08 09:53:18,2613.75
2024-01-08 09:53:19,2613.35
2024-01-08 09:53:21,2613.0
2024-01-08 09:53:22,2613.45
2024-01-08 09:53:23,2613.45
2024-01-08 09:53:24,2613.45
2024-01-08 09:53:25,2613.35
2024-01-08 09:53:26,2613.35
2024-01-08 09:53:27,2613.45
2024-01-08 09:53:28,2613.0
2024-01-08 09:53:29,2613.5
2024-01-08 09:53:30,2613.5
2024-01-08 09:53:31,2613.7
2024-01-08 09:53:33,2613.5
2024-01-08 09:53:34,2614.0
2024-01-08 09:53:35,2613.5
2024-01-08 09:53:36,2614.0
2024-01-08 09:53:37,2614.15
2024-01-08 09:53:38,2613.85
2024-01-08 09:53:40,2614.05
2024-01-08 09:53:42,2614.15
2024-01-08 09:53:43,2614.65
2024-01-08 09:54:14,2615.0
2024-01-08 09:54:15,2615.3
2024-01-08 09:54:16,2615.0
2024-01-08 09:54:17,2615.0
2024-01-08 09:54:18,2615.0
2024-01-08 09:54:19,2615.0
2024-01-08 09:54:20,2615.25
2024-01-08 09:54:21,2615.0
2024-01-08 09:54:22,2615.0
2024-01-08 09:54:23,2615.0
2024-01-08 09:54:24,2615.0
2024-01-08 09:54:25,2615.7
2024-01-08 09:54:26,2615.4
2024-01-08 09:54:27,2616.15
2024-01-08 09:54:28,2616.55
2024-01-08 09:54:29,2616.9
2024-01-08 09:54:31,2617.2
2024-01-08 09:54:32,2617.45
2024-01-08 09:54:33,2617.45
2024-01-08 09:54:34,2617.3
2024-01-08 09:54:35,2617.3
2024-01-08 09:54:36,2617.4
2024-01-08 09:54:37,2617.5
2024-01-08 09:54:38,2617.5
2024-01-08 09:54:39,2617.5
2024-01-08 09:54:40,2617.45
2024-01-08 09:54:41,2616.85
2024-01-08 09:54:42,2616.95
2024-01-08 09:54:43,2616.4
